{"cameraMode":{"drawMode":0,"name":"Shaded","section":"Shading Mode"},"sceneLighting":true,"audioPlay":false,"sceneViewState":{"m_AlwaysRefresh":false,"showFog":true,"showSkybox":true,"showFlares":true,"showImageEffects":true,"showParticleSystems":true,"showVisualEffectGraphs":true,"m_FxEnabled":true},"in2DMode":false,"pivot":{"x":-9.666454315185547,"y":10.885810852050782,"z":67.26020812988281},"rotation":{"x":0.11486252397298813,"y":-0.8639256954193115,"z":0.43376368284225466,"w":0.22882768511772157},"size":80.87649536132813,"orthographic":false}